<?xml version="1.0" ?>
<config xmlns:xsi="http://www.w3.org/2001/XMLSchema-instance" xsi:noNamespaceSchemaLocation="urn:magento:framework:ObjectManager/etc/config.xsd">
	<preference for="Magelearn\Customform\Api\CustomformRepositoryInterface" type="Magelearn\Customform\Model\CustomformRepository"/>
	<preference for="Magelearn\Customform\Api\Data\CustomformInterface" type="Magelearn\Customform\Model\Data\Customform"/>
	<preference for="Magelearn\Customform\Api\Data\CustomformSearchResultsInterface" type="Magento\Framework\Api\SearchResults"/>
	<virtualType name="Magelearn\Customform\Model\ResourceModel\Customform\Grid\Collection" type="Magento\Framework\View\Element\UiComponent\DataProvider\SearchResult">
		<arguments>
			<argument name="mainTable" xsi:type="string">magelearn_customform</argument>
			<argument name="resourceModel" xsi:type="string">Magelearn\Customform\Model\ResourceModel\Customform\Collection</argument>
		</arguments>
	</virtualType>
	<type name="Magento\Framework\View\Element\UiComponent\DataProvider\CollectionFactory">
		<arguments>
			<argument name="collections" xsi:type="array">
				<item name="magelearn_customform_listing_data_source" xsi:type="string">Magelearn\Customform\Model\ResourceModel\Customform\Grid\Collection</item>
			</argument>
		</arguments>
	</type>
	<virtualType name="Magelearn\Customform\CustomformImageUpload" type="Magelearn\Customform\Model\ImageUploader">
	    <arguments>
	            <argument name="baseTmpPath" xsi:type="string">magelearn/customform/tmp</argument>
	            <argument name="basePath" xsi:type="string">magelearn/customform</argument>
	            <argument name="allowedExtensions" xsi:type="array">
	                <item name="jpg" xsi:type="string">jpg</item>
	                <item name="jpeg" xsi:type="string">jpeg</item>
	                <item name="gif" xsi:type="string">gif</item>
	                <item name="png" xsi:type="string">png</item>
	            </argument>
	    </arguments>
	</virtualType>
	<type name="Magelearn\Customform\Controller\Adminhtml\Customform\FileUploader\Save">
	    <arguments>
	            <argument name="imageUploader" xsi:type="object">Magelearn\Customform\CustomformImageUpload</argument>
	    </arguments>
	</type>
</config>
